Experiment,Class ID,Class Name,Precision,Recall,F1 Score,f1_mean,f1_std,recall_mean,recall_std
A. GraphSAGE only,0,Normal,0.9875 +/- 0.0017,0.8922 +/- 0.0087,0.9374 +/- 0.0047,0.9374272479684529,0.0047346052110677364,0.8921981981981982,0.008739899616400877
A. GraphSAGE only,1,Analysis,0.0004 +/- 0.0006,0.0005 +/- 0.0007,0.0005 +/- 0.0006,0.0004544421722335833,0.0006426782832870234,0.0004923682914820286,0.0006963139154963541
A. GraphSAGE only,2,Backdoor,0.0651 +/- 0.0558,0.0023 +/- 0.0021,0.0044 +/- 0.0041,0.004416896235078053,0.004120603986041417,0.002287021154945683,0.002139312399527697
A. GraphSAGE only,3,DoS,0.3283 +/- 0.0009,0.7120 +/- 0.0026,0.4494 +/- 0.0012,0.44939545444306317,0.001180654073806604,0.7119915219695118,0.0025752945298657265
A. GraphSAGE only,4,Exploits,0.8141 +/- 0.0014,0.5421 +/- 0.0035,0.6508 +/- 0.0030,0.6508436547583458,0.002964992359806835,0.5421307941070787,0.003498419405182653
A. GraphSAGE only,5,Fuzzers,0.5162 +/- 0.0228,0.6954 +/- 0.0055,0.5923 +/- 0.0155,0.5922660058998716,0.015480520046048864,0.6953700648850764,0.005511367871252989
A. GraphSAGE only,6,Generic,0.9990 +/- 0.0003,0.9611 +/- 0.0005,0.9797 +/- 0.0003,0.9796994484894884,0.0003369373708699068,0.9611396675675198,0.0005198077815894896
A. GraphSAGE only,7,Reconnaissance,0.6013 +/- 0.0073,0.8162 +/- 0.0054,0.6924 +/- 0.0066,0.6924391478999387,0.0066404440182156665,0.8161708619374523,0.005413832786643176
A. GraphSAGE only,8,Shellcode,0.2533 +/- 0.0118,0.5591 +/- 0.0194,0.3486 +/- 0.0143,0.3485974360484095,0.014265855701632866,0.5590828924162258,0.019360227866049507
A. GraphSAGE only,9,Worms,0.0000 +/- 0.0000,0.0000 +/- 0.0000,0.0000 +/- 0.0000,0.0,0.0,0.0,0.0
B. Transformer only,0,Normal,0.9957 +/- 0.0029,0.5771 +/- 0.0013,0.7307 +/- 0.0018,0.7307065421726661,0.00180622979929323,0.5771261261261261,0.001276166750290664
B. Transformer only,1,Analysis,0.0000 +/- 0.0000,0.0000 +/- 0.0000,0.0000 +/- 0.0000,0.0,0.0,0.0,0.0
B. Transformer only,2,Backdoor,0.0833 +/- 0.1179,0.0034 +/- 0.0049,0.0066 +/- 0.0093,0.0065897858319604605,0.009319364496692554,0.0034305317324185253,0.004851504502137547
B. Transformer only,3,DoS,0.3271 +/- 0.0016,0.7235 +/- 0.0095,0.4505 +/- 0.0026,0.45046000656974833,0.0026239515840631856,0.7234857748430749,0.009526978583187623
B. Transformer only,4,Exploits,0.7819 +/- 0.0286,0.5764 +/- 0.0123,0.6630 +/- 0.0052,0.6630453889605851,0.005175028118846804,0.5763564498742365,0.012302163005164013
B. Transformer only,5,Fuzzers,0.2403 +/- 0.0218,0.6673 +/- 0.0849,0.3533 +/- 0.0356,0.3532926820469669,0.035578879152542216,0.6672715275486638,0.08486951905571417
B. Transformer only,6,Generic,0.9984 +/- 0.0008,0.9621 +/- 0.0009,0.9799 +/- 0.0002,0.9799035080393742,0.00022948268826430672,0.9620581845159238,0.0009034470423785778
B. Transformer only,7,Reconnaissance,0.5751 +/- 0.0329,0.8193 +/- 0.0021,0.6753 +/- 0.0218,0.675252435981597,0.021839139130210686,0.8193173150266971,0.0021062854723850662
B. Transformer only,8,Shellcode,0.1690 +/- 0.0305,0.6023 +/- 0.0168,0.2620 +/- 0.0363,0.2620441000523713,0.03625829179788868,0.6022927689594356,0.01677804020321026
B. Transformer only,9,Worms,0.1748 +/- 0.1157,0.2121 +/- 0.1405,0.1415 +/- 0.0465,0.14152514152514153,0.04650335045048951,0.21212121212121213,0.14050937114387432
C. GraphSAGE + Transformer,0,Normal,0.9917 +/- 0.0010,0.8967 +/- 0.0044,0.9418 +/- 0.0023,0.9417954000175816,0.002307147936805162,0.8966666666666666,0.004439970152667491
C. GraphSAGE + Transformer,1,Analysis,0.0027 +/- 0.0028,0.0020 +/- 0.0018,0.0023 +/- 0.0022,0.002279526148490783,0.002210765751019435,0.0019694731659281144,0.0018422734548369975
C. GraphSAGE + Transformer,2,Backdoor,0.1292 +/- 0.0151,0.0086 +/- 0.0042,0.0160 +/- 0.0075,0.01595016128824045,0.007537682488053187,0.008576329331046312,0.004201526145425691
C. GraphSAGE + Transformer,3,DoS,0.3310 +/- 0.0012,0.7426 +/- 0.0074,0.4579 +/- 0.0026,0.45786965055431844,0.0025605265423892113,0.7426428629656803,0.0074455490234159784
C. GraphSAGE + Transformer,4,Exploits,0.8063 +/- 0.0233,0.5468 +/- 0.0095,0.6513 +/- 0.0033,0.651345776783471,0.0032823510293162597,0.546802012217032,0.009546079718900211
C. GraphSAGE + Transformer,5,Fuzzers,0.5110 +/- 0.0108,0.6197 +/- 0.0653,0.5588 +/- 0.0307,0.5588130950909403,0.0306978113560378,0.6196524799296163,0.06527028901227643
C. GraphSAGE + Transformer,6,Generic,0.9995 +/- 0.0001,0.9606 +/- 0.0007,0.9796 +/- 0.0003,0.9796255195053352,0.0003178683371490229,0.9605567625810325,0.0007359675924610649
C. GraphSAGE + Transformer,7,Reconnaissance,0.6166 +/- 0.0287,0.8385 +/- 0.0005,0.7102 +/- 0.0188,0.7102381662125432,0.018758107916537883,0.8384820747520977,0.00048617653638377345
C. GraphSAGE + Transformer,8,Shellcode,0.1993 +/- 0.0429,0.6376 +/- 0.0245,0.3002 +/- 0.0457,0.30018290029710254,0.045737536381744166,0.6375661375661376,0.024533382263216164
C. GraphSAGE + Transformer,9,Worms,0.5190 +/- 0.1994,0.0985 +/- 0.0107,0.1613 +/- 0.0100,0.1612757491246818,0.010005802785040757,0.09848484848484847,0.01071373910888708
D. Remove temporal edges,0,Normal,0.9908 +/- 0.0004,0.9012 +/- 0.0106,0.9438 +/- 0.0058,0.9438110669903429,0.005764853619901564,0.9011711711711712,0.010637743840987098
D. Remove temporal edges,1,Analysis,0.0039 +/- 0.0016,0.0034 +/- 0.0014,0.0036 +/- 0.0015,0.0036471773938629368,0.0014794151545112456,0.0034465780403742006,0.0013926278309927083
D. Remove temporal edges,2,Backdoor,0.1351 +/- 0.0515,0.0103 +/- 0.0042,0.0191 +/- 0.0077,0.019109497893207303,0.00774072737406974,0.010291595197255575,0.004201526145425691
D. Remove temporal edges,3,DoS,0.3314 +/- 0.0004,0.7479 +/- 0.0071,0.4593 +/- 0.0016,0.4592760665229593,0.001631213345376309,0.7478601124969431,0.007141221965623467
D. Remove temporal edges,4,Exploits,0.8391 +/- 0.0062,0.5425 +/- 0.0034,0.6589 +/- 0.0006,0.6589167032191395,0.0005755635686902807,0.5424901185770751,0.0034001602083112087
D. Remove temporal edges,5,Fuzzers,0.5253 +/- 0.0198,0.7086 +/- 0.0044,0.6030 +/- 0.0117,0.6030113906526674,0.011712195289597698,0.7085670295831958,0.004435267751033928
D. Remove temporal edges,6,Generic,0.9994 +/- 0.0001,0.9601 +/- 0.0006,0.9793 +/- 0.0003,0.9793332531154015,0.0002969457041733791,0.9600798403193612,0.0005630288962078983
D. Remove temporal edges,7,Reconnaissance,0.6571 +/- 0.0077,0.8264 +/- 0.0035,0.7320 +/- 0.0037,0.7320397962357762,0.0036511941092682715,0.8263729977116704,0.0035265526332774683
D. Remove temporal edges,8,Shellcode,0.2634 +/- 0.0045,0.6032 +/- 0.0043,0.3666 +/- 0.0041,0.3666133519203068,0.004122709800039801,0.6031746031746031,0.004320087729776328
D. Remove temporal edges,9,Worms,0.3656 +/- 0.0770,0.1591 +/- 0.0000,0.2196 +/- 0.0141,0.21964556210595268,0.01405376368267177,0.1590909090909091,0.0
E. Remove contrastive pretraining,0,Normal,0.9919 +/- 0.0007,0.9089 +/- 0.0064,0.9486 +/- 0.0034,0.9485603449811588,0.0033847763068218305,0.9088558558558558,0.006389680524595555
E. Remove contrastive pretraining,1,Analysis,0.0006 +/- 0.0009,0.0005 +/- 0.0007,0.0005 +/- 0.0008,0.0005482456140350877,0.0007753363828799863,0.0004923682914820286,0.0006963139154963541
E. Remove contrastive pretraining,2,Backdoor,0.1441 +/- 0.0435,0.0080 +/- 0.0040,0.0151 +/- 0.0075,0.015137286996072549,0.0074855898126822895,0.008004574042309892,0.004042920418447955
E. Remove contrastive pretraining,3,DoS,0.3325 +/- 0.0005,0.7527 +/- 0.0005,0.4612 +/- 0.0006,0.46120073270086076,0.0005883226394930533,0.7526697644085759,0.00046114406533726894
E. Remove contrastive pretraining,4,Exploits,0.8341 +/- 0.0028,0.5517 +/- 0.0086,0.6641 +/- 0.0054,0.6641154175130869,0.005358036621419246,0.5517427236794825,0.00859660796641769
E. Remove contrastive pretraining,5,Fuzzers,0.5502 +/- 0.0188,0.7053 +/- 0.0027,0.6179 +/- 0.0111,0.617927052014622,0.011076266928080118,0.7052677884086661,0.0027117184660591428
E. Remove contrastive pretraining,6,Generic,0.9994 +/- 0.0001,0.9614 +/- 0.0006,0.9800 +/- 0.0002,0.9800224304904751,0.000223368599430346,0.9614046243795595,0.0005512686674200976
E. Remove contrastive pretraining,7,Reconnaissance,0.6584 +/- 0.0098,0.8277 +/- 0.0018,0.7333 +/- 0.0058,0.7333369973140916,0.005784770253194405,0.8277078565980167,0.0017684245796140067
E. Remove contrastive pretraining,8,Shellcode,0.2591 +/- 0.0043,0.6111 +/- 0.0099,0.3638 +/- 0.0037,0.3638227417809213,0.003693476617963318,0.6111111111111112,0.009898564515274943
E. Remove contrastive pretraining,9,Worms,0.3678 +/- 0.0743,0.1364 +/- 0.0186,0.1984 +/- 0.0295,0.19837830239186938,0.029516132247007863,0.13636363636363635,0.018556740475630138
F. Remove feature tokenizer,0,Normal,0.9921 +/- 0.0014,0.9351 +/- 0.0043,0.9628 +/- 0.0029,0.9627781502732181,0.002923663188729075,0.9351351351351352,0.004275228049141885
F. Remove feature tokenizer,1,Analysis,0.0000 +/- 0.0000,0.0000 +/- 0.0000,0.0000 +/- 0.0000,0.0,0.0,0.0,0.0
F. Remove feature tokenizer,2,Backdoor,0.1933 +/- 0.0370,0.0263 +/- 0.0043,0.0459 +/- 0.0066,0.04586835870657297,0.006596256453009791,0.026300743281875358,0.004278624799055393
F. Remove feature tokenizer,3,DoS,0.3321 +/- 0.0003,0.7469 +/- 0.0071,0.4598 +/- 0.0016,0.4597802791959779,0.0015520268074758101,0.7468818782098313,0.007107642365937028
F. Remove feature tokenizer,4,Exploits,0.8262 +/- 0.0048,0.5687 +/- 0.0054,0.6736 +/- 0.0049,0.6736336895817775,0.00492344243600469,0.5686609174751468,0.005395021556794179
F. Remove feature tokenizer,5,Fuzzers,0.6118 +/- 0.0190,0.7008 +/- 0.0073,0.6531 +/- 0.0108,0.6530789805282587,0.010842035885468383,0.7008138128230507,0.007314764829348277
F. Remove feature tokenizer,6,Generic,0.9997 +/- 0.0000,0.9608 +/- 0.0004,0.9799 +/- 0.0002,0.9798785334805578,0.00022786945564631604,0.9608393831805415,0.000449646620435508
F. Remove feature tokenizer,7,Reconnaissance,0.7543 +/- 0.0045,0.8433 +/- 0.0023,0.7964 +/- 0.0016,0.7963513231632392,0.001592402436885202,0.8433447749809306,0.0022683785761575884
F. Remove feature tokenizer,8,Shellcode,0.2835 +/- 0.0061,0.7919 +/- 0.0045,0.4175 +/- 0.0072,0.4174674265869056,0.00720695750861372,0.7918871252204586,0.004496489870893104
F. Remove feature tokenizer,9,Worms,0.1297 +/- 0.0049,0.2424 +/- 0.0952,0.1626 +/- 0.0319,0.16258861911035824,0.03194771261101978,0.24242424242424243,0.09522579613618586
G. Replace learned fusion with concatenation,0,Normal,0.9920 +/- 0.0012,0.9283 +/- 0.0056,0.9591 +/- 0.0024,0.9590654963579551,0.002439965276350363,0.9282972972972973,0.00561954223496954
G. Replace learned fusion with concatenation,1,Analysis,0.0056 +/- 0.0024,0.0034 +/- 0.0014,0.0043 +/- 0.0017,0.004268260344566951,0.0017347865382666779,0.0034465780403742006,0.0013926278309927083
G. Replace learned fusion with concatenation,2,Backdoor,0.1443 +/- 0.0379,0.0069 +/- 0.0014,0.0131 +/- 0.0027,0.0130952763940948,0.0027098399575390688,0.0068610634648370505,0.001400508715141897
G. Replace learned fusion with concatenation,3,DoS,0.3315 +/- 0.0001,0.7404 +/- 0.0049,0.4579 +/- 0.0010,0.45793514557475473,0.0009627018969598308,0.7404418358196789,0.004868019443004343
G. Replace learned fusion with concatenation,4,Exploits,0.8150 +/- 0.0152,0.5599 +/- 0.0229,0.6633 +/- 0.0130,0.6633267223019881,0.013022646947529264,0.5599173553719008,0.022892780720468686
G. Replace learned fusion with concatenation,5,Fuzzers,0.5716 +/- 0.0098,0.6518 +/- 0.0453,0.6086 +/- 0.0253,0.6086263333726002,0.025253345749985046,0.6518200813812823,0.045273261912305664
G. Replace learned fusion with concatenation,6,Generic,0.9995 +/- 0.0000,0.9608 +/- 0.0008,0.9798 +/- 0.0004,0.9797802663758821,0.00039659996963844926,0.9607863918181336,0.0007654760807595206
G. Replace learned fusion with concatenation,7,Reconnaissance,0.6586 +/- 0.0176,0.8209 +/- 0.0111,0.7307 +/- 0.0093,0.730657998005105,0.009272860546618536,0.8209382151029748,0.011125004477704918
G. Replace learned fusion with concatenation,8,Shellcode,0.2318 +/- 0.0335,0.6235 +/- 0.0303,0.3357 +/- 0.0317,0.33569542436669453,0.03171497903753036,0.6234567901234568,0.03026631799247007
G. Replace learned fusion with concatenation,9,Worms,0.3012 +/- 0.0792,0.1288 +/- 0.0214,0.1726 +/- 0.0002,0.17255569745991203,0.00020068306547084218,0.12878787878787878,0.021427478217774167
H. Remove edge attributes,0,Normal,0.9902 +/- 0.0008,0.8951 +/- 0.0104,0.9402 +/- 0.0060,0.9401873962364182,0.005955403099098326,0.895054054054054,0.010361002721958494
H. Remove edge attributes,1,Analysis,0.0015 +/- 0.0021,0.0015 +/- 0.0021,0.0015 +/- 0.0021,0.0014858841010401188,0.0021013574478054905,0.0014771048744460858,0.0020889417464890624
H. Remove edge attributes,2,Backdoor,0.1726 +/- 0.0277,0.0137 +/- 0.0037,0.0253 +/- 0.0064,0.025279239837256343,0.006398316938186701,0.013722126929674098,0.003705397769244059
H. Remove edge attributes,3,DoS,0.3321 +/- 0.0004,0.7506 +/- 0.0044,0.4605 +/- 0.0008,0.4604509268351212,0.0007602676770730423,0.7505502567865004,0.00437935143672073
H. Remove edge attributes,4,Exploits,0.8428 +/- 0.0045,0.5368 +/- 0.0022,0.6558 +/- 0.0011,0.6558245490106254,0.001125451656887689,0.5367708707629656,0.0022056949168407043
H. Remove edge attributes,5,Fuzzers,0.5186 +/- 0.0188,0.7130 +/- 0.0014,0.6003 +/- 0.0128,0.6002576934439291,0.012756333643461045,0.7130210051688112,0.0014402068463332891
H. Remove edge attributes,6,Generic,0.9991 +/- 0.0002,0.9616 +/- 0.0004,0.9800 +/- 0.0002,0.9799999546768469,0.00020443455708419122,0.9615989260417219,0.0004376914028002044
H. Remove edge attributes,7,Reconnaissance,0.6625 +/- 0.0052,0.8364 +/- 0.0019,0.7394 +/- 0.0036,0.73936150792349,0.0036317366883211253,0.8363844393592678,0.0018684132286675593
H. Remove edge attributes,8,Shellcode,0.2529 +/- 0.0101,0.6138 +/- 0.0120,0.3581 +/- 0.0103,0.35810230149460676,0.010347350149630053,0.6137566137566138,0.012026615253073934
H. Remove edge attributes,9,Worms,0.3635 +/- 0.0229,0.1439 +/- 0.0214,0.2058 +/- 0.0257,0.20584006641961808,0.025743918368922758,0.14393939393939392,0.02142747821777417
I. Full TGCF-IDS,0,Normal,0.9925 +/- 0.0001,0.9216 +/- 0.0100,0.9557 +/- 0.0053,0.9557240511815461,0.005322908160897978,0.9215945945945946,0.00996299459305588
I. Full TGCF-IDS,1,Analysis,0.0041 +/- 0.0029,0.0030 +/- 0.0021,0.0034 +/- 0.0024,0.003420595818361828,0.0024190772844633157,0.0029542097488921715,0.0020889417464890624
I. Full TGCF-IDS,2,Backdoor,0.1584 +/- 0.0454,0.0120 +/- 0.0037,0.0223 +/- 0.0068,0.022306067314299915,0.006815173755568528,0.012006861063464836,0.0037053977692440595
I. Full TGCF-IDS,3,DoS,0.3310 +/- 0.0006,0.7502 +/- 0.0030,0.4593 +/- 0.0011,0.45929870542485846,0.0011402522283712735,0.7502241786907965,0.003023923859295898
I. Full TGCF-IDS,4,Exploits,0.8409 +/- 0.0030,0.5417 +/- 0.0016,0.6590 +/- 0.0021,0.6589696459406387,0.002065093077454484,0.5417415259312492,0.0016241527874380946
I. Full TGCF-IDS,5,Fuzzers,0.5661 +/- 0.0216,0.7129 +/- 0.0028,0.6308 +/- 0.0123,0.6307917725313964,0.012326410270252185,0.7129110304629935,0.0028455623079150184
I. Full TGCF-IDS,6,Generic,0.9993 +/- 0.0002,0.9595 +/- 0.0005,0.9790 +/- 0.0003,0.9790121031710379,0.0003205374740717269,0.9594969353328741,0.0004746269882374713
I. Full TGCF-IDS,7,Reconnaissance,0.6627 +/- 0.0044,0.8263 +/- 0.0027,0.7355 +/- 0.0028,0.7354745626122225,0.002814072383875334,0.8262776506483599,0.0026560618377544283
I. Full TGCF-IDS,8,Shellcode,0.2660 +/- 0.0069,0.6049 +/- 0.0054,0.3694 +/- 0.0067,0.3694279319933509,0.006652149076747924,0.6049382716049383,0.005435991184276002
I. Full TGCF-IDS,9,Worms,0.4075 +/- 0.0289,0.1439 +/- 0.0214,0.2114 +/- 0.0236,0.21137566137566136,0.02363546015258418,0.14393939393939392,0.02142747821777417
