Model,Class ID,Class Name,Precision,Recall,F1 Score,f1_mean,f1_std
Random Forest,0,Normal,0.9640 +/- 0.0014,0.7553 +/- 0.0006,0.8470 +/- 0.0005,0.8469536742451335,0.0004886140177007499
Random Forest,1,Analysis,0.0028 +/- 0.0039,0.0039 +/- 0.0056,0.0033 +/- 0.0046,0.0032520325203252032,0.00459906849552226
Random Forest,2,Backdoor,0.0284 +/- 0.0030,0.0669 +/- 0.0014,0.0398 +/- 0.0032,0.03977607466735819,0.00315314483594885
Random Forest,3,DoS,0.7562 +/- 0.0194,0.0756 +/- 0.0016,0.1374 +/- 0.0026,0.1373870136548364,0.002557462601356486
Random Forest,4,Exploits,0.5816 +/- 0.0018,0.8632 +/- 0.0047,0.6950 +/- 0.0010,0.6949577269441424,0.0009887450896848703
Random Forest,5,Fuzzers,0.2934 +/- 0.0007,0.5904 +/- 0.0052,0.3920 +/- 0.0017,0.3920257317931674,0.0017104243717649906
Random Forest,6,Generic,0.9993 +/- 0.0001,0.9660 +/- 0.0004,0.9824 +/- 0.0002,0.982360622327182,0.00016846522634257684
Random Forest,7,Reconnaissance,0.9233 +/- 0.0046,0.7996 +/- 0.0011,0.8570 +/- 0.0022,0.8569865436523348,0.002222187300059522
Random Forest,8,Shellcode,0.4012 +/- 0.0175,0.6808 +/- 0.0033,0.5046 +/- 0.0137,0.5046310727174603,0.013720423373323826
Random Forest,9,Worms,0.8500 +/- 0.1080,0.0833 +/- 0.0107,0.1516 +/- 0.0189,0.15164399092970518,0.018891250230103886
XGBoost,0,Normal,0.9662 +/- 0.0016,0.7618 +/- 0.0019,0.8519 +/- 0.0013,0.8519117479962529,0.0012914098347666782
XGBoost,1,Analysis,0.0216 +/- 0.0162,0.0207 +/- 0.0158,0.0211 +/- 0.0160,0.021118201676764137,0.01601853075316775
XGBoost,2,Backdoor,0.0348 +/- 0.0100,0.0943 +/- 0.0412,0.0506 +/- 0.0166,0.050616596553207625,0.016575977310393213
XGBoost,3,DoS,0.5906 +/- 0.0204,0.0726 +/- 0.0011,0.1293 +/- 0.0013,0.1293301886984449,0.0013345278738825523
XGBoost,4,Exploits,0.5794 +/- 0.0034,0.8888 +/- 0.0068,0.7015 +/- 0.0006,0.701462403267428,0.00063961103792409
XGBoost,5,Fuzzers,0.3201 +/- 0.0028,0.5905 +/- 0.0025,0.4151 +/- 0.0029,0.4151141968917426,0.0029452851499766107
XGBoost,6,Generic,0.9983 +/- 0.0002,0.9699 +/- 0.0004,0.9839 +/- 0.0002,0.9838817656267366,0.00019256137812426674
XGBoost,7,Reconnaissance,0.9354 +/- 0.0021,0.8084 +/- 0.0015,0.8672 +/- 0.0008,0.8672259431976356,0.0008461812379479076
XGBoost,8,Shellcode,0.3372 +/- 0.0148,0.7963 +/- 0.0131,0.4737 +/- 0.0168,0.47371797369459556,0.01683497882305799
XGBoost,9,Worms,0.6285 +/- 0.0299,0.4318 +/- 0.0186,0.5111 +/- 0.0111,0.5111193476649369,0.011123465179488375
MLP,0,Normal,0.9895 +/- 0.0018,0.5815 +/- 0.0033,0.7325 +/- 0.0024,0.7325218455486265,0.0024024122984038342
MLP,1,Analysis,0.0000 +/- 0.0000,0.0000 +/- 0.0000,0.0000 +/- 0.0000,0.0,0.0
MLP,2,Backdoor,0.1366 +/- 0.0648,0.0074 +/- 0.0040,0.0141 +/- 0.0076,0.01408065114384751,0.007615645266229343
MLP,3,DoS,0.3245 +/- 0.0021,0.6558 +/- 0.0149,0.4341 +/- 0.0052,0.4341394639937615,0.005189346422139177
MLP,4,Exploits,0.7440 +/- 0.0074,0.5976 +/- 0.0135,0.6626 +/- 0.0058,0.6626368790186986,0.005771091267347997
MLP,5,Fuzzers,0.2520 +/- 0.0013,0.7171 +/- 0.0040,0.3729 +/- 0.0015,0.37290809613024417,0.0015111017544226426
MLP,6,Generic,0.9992 +/- 0.0001,0.9621 +/- 0.0000,0.9803 +/- 0.0000,0.980319108646872,3.6681419856973146e-05
MLP,7,Reconnaissance,0.5785 +/- 0.0077,0.7925 +/- 0.0141,0.6687 +/- 0.0013,0.6686815640325362,0.0013405264718620296
MLP,8,Shellcode,0.2011 +/- 0.0041,0.5494 +/- 0.0025,0.2944 +/- 0.0041,0.29443059774708596,0.004115980854576263
MLP,9,Worms,0.0128 +/- 0.0181,0.0076 +/- 0.0107,0.0095 +/- 0.0135,0.009523809523809523,0.013468700594029479
BiLSTM,0,Normal,0.9943 +/- 0.0002,0.5773 +/- 0.0008,0.7304 +/- 0.0006,0.7304466464695715,0.0006079342642317481
BiLSTM,1,Analysis,0.0000 +/- 0.0000,0.0000 +/- 0.0000,0.0000 +/- 0.0000,0.0,0.0
BiLSTM,2,Backdoor,0.1346 +/- 0.1030,0.0029 +/- 0.0029,0.0055 +/- 0.0056,0.005514481341303876,0.005566036310390913
BiLSTM,3,DoS,0.3263 +/- 0.0012,0.6817 +/- 0.0094,0.4413 +/- 0.0016,0.44134732411205074,0.001593420671741483
BiLSTM,4,Exploits,0.7506 +/- 0.0018,0.6019 +/- 0.0060,0.6680 +/- 0.0030,0.6680460617301817,0.002994418045756866
BiLSTM,5,Fuzzers,0.2535 +/- 0.0015,0.7204 +/- 0.0032,0.3750 +/- 0.0013,0.37501882715540297,0.0013238597789056992
BiLSTM,6,Generic,0.9994 +/- 0.0001,0.9622 +/- 0.0000,0.9804 +/- 0.0000,0.9804450928324945,1.1979636786974833e-05
BiLSTM,7,Reconnaissance,0.6504 +/- 0.0035,0.8391 +/- 0.0030,0.7328 +/- 0.0015,0.7327584635437491,0.001460064861003078
BiLSTM,8,Shellcode,0.2028 +/- 0.0038,0.7160 +/- 0.0300,0.3159 +/- 0.0032,0.3159382180929117,0.003161855657039862
BiLSTM,9,Worms,0.0321 +/- 0.0453,0.0379 +/- 0.0536,0.0347 +/- 0.0491,0.034722222222222224,0.049104637582399135
Transformer-only,0,Normal,0.9964 +/- 0.0023,0.5779 +/- 0.0007,0.7315 +/- 0.0010,0.7315265966898429,0.0010138423184180186
Transformer-only,1,Analysis,0.0000 +/- 0.0000,0.0000 +/- 0.0000,0.0000 +/- 0.0000,0.0,0.0
Transformer-only,2,Backdoor,0.0556 +/- 0.0786,0.0006 +/- 0.0008,0.0011 +/- 0.0016,0.0011318619128466328,0.0016006944678812619
Transformer-only,3,DoS,0.3271 +/- 0.0015,0.6822 +/- 0.0070,0.4422 +/- 0.0019,0.4421904369905602,0.0018901841056634268
Transformer-only,4,Exploits,0.7686 +/- 0.0162,0.5847 +/- 0.0184,0.6638 +/- 0.0117,0.663833431939899,0.011669915992712335
Transformer-only,5,Fuzzers,0.2465 +/- 0.0131,0.7091 +/- 0.0631,0.3657 +/- 0.0229,0.36574136506094623,0.022858547380496426
Transformer-only,6,Generic,0.9982 +/- 0.0001,0.9624 +/- 0.0001,0.9800 +/- 0.0001,0.9799816562775637,9.561520842982402e-05
Transformer-only,7,Reconnaissance,0.5798 +/- 0.0161,0.7874 +/- 0.0145,0.6676 +/- 0.0107,0.6676215412317755,0.010663447434112851
Transformer-only,8,Shellcode,0.1914 +/- 0.0349,0.5494 +/- 0.0761,0.2787 +/- 0.0300,0.27867688169605753,0.030019814320343074
Transformer-only,9,Worms,0.0908 +/- 0.0072,0.4924 +/- 0.1119,0.1514 +/- 0.0061,0.15140909702761904,0.006109474164430942
GraphSAGE-only,0,Normal,0.9861 +/- 0.0017,0.9260 +/- 0.0044,0.9551 +/- 0.0028,0.9550849201539088,0.0028435046736103578
GraphSAGE-only,1,Analysis,0.0000 +/- 0.0000,0.0000 +/- 0.0000,0.0000 +/- 0.0000,0.0,0.0
GraphSAGE-only,2,Backdoor,0.0667 +/- 0.0471,0.0011 +/- 0.0008,0.0022 +/- 0.0016,0.0022484541877459247,0.0015898972033424339
GraphSAGE-only,3,DoS,0.3251 +/- 0.0003,0.6542 +/- 0.0083,0.4344 +/- 0.0017,0.43436772589009554,0.0017318103262429921
GraphSAGE-only,4,Exploits,0.7760 +/- 0.0066,0.5942 +/- 0.0124,0.6729 +/- 0.0057,0.6728815375740839,0.005680143276392843
GraphSAGE-only,5,Fuzzers,0.5683 +/- 0.0101,0.6875 +/- 0.0079,0.6222 +/- 0.0090,0.6221932621175942,0.009015432624511634
GraphSAGE-only,6,Generic,0.9985 +/- 0.0004,0.9608 +/- 0.0008,0.9793 +/- 0.0003,0.9793047544407744,0.0003492181663630707
GraphSAGE-only,7,Reconnaissance,0.6575 +/- 0.0162,0.7656 +/- 0.0204,0.7071 +/- 0.0077,0.7070592137412492,0.007707045195173929
GraphSAGE-only,8,Shellcode,0.2668 +/- 0.0135,0.5520 +/- 0.0175,0.3596 +/- 0.0147,0.35961070176430737,0.014706561139094724
GraphSAGE-only,9,Worms,0.0317 +/- 0.0297,0.0152 +/- 0.0107,0.0192 +/- 0.0144,0.019246190858059342,0.014360198897154015
GraphSAGE + Transformer (Concat),0,Normal,0.9906 +/- 0.0009,0.9341 +/- 0.0081,0.9615 +/- 0.0042,0.9614698829004311,0.0042088637276486655
GraphSAGE + Transformer (Concat),1,Analysis,0.0018 +/- 0.0025,0.0010 +/- 0.0014,0.0013 +/- 0.0018,0.0012662234884457107,0.0017907104303552961
GraphSAGE + Transformer (Concat),2,Backdoor,0.1074 +/- 0.0319,0.0051 +/- 0.0028,0.0098 +/- 0.0053,0.009781856164242807,0.005257478157130949
GraphSAGE + Transformer (Concat),3,DoS,0.3284 +/- 0.0004,0.6882 +/- 0.0030,0.4447 +/- 0.0009,0.4446530861786196,0.0009441108275587
GraphSAGE + Transformer (Concat),4,Exploits,0.7992 +/- 0.0038,0.5852 +/- 0.0087,0.6756 +/- 0.0049,0.675619504168503,0.004890561414101658
GraphSAGE + Transformer (Concat),5,Fuzzers,0.5979 +/- 0.0254,0.7138 +/- 0.0104,0.6506 +/- 0.0194,0.6505920695374273,0.01937483124878236
GraphSAGE + Transformer (Concat),6,Generic,0.9993 +/- 0.0002,0.9623 +/- 0.0002,0.9804 +/- 0.0002,0.9804369720817497,0.00015500570475390158
GraphSAGE + Transformer (Concat),7,Reconnaissance,0.6924 +/- 0.0070,0.7964 +/- 0.0129,0.7407 +/- 0.0026,0.7406565462546834,0.0025984475941403518
GraphSAGE + Transformer (Concat),8,Shellcode,0.2712 +/- 0.0105,0.5767 +/- 0.0169,0.3685 +/- 0.0060,0.3685105372983221,0.006032880478909949
GraphSAGE + Transformer (Concat),9,Worms,0.1238 +/- 0.0215,0.1136 +/- 0.0186,0.1157 +/- 0.0091,0.11567377586069176,0.009139348944659122
SAGEConv + Transformer + Gated (No Pretrain),0,Normal,0.9902 +/- 0.0016,0.9302 +/- 0.0084,0.9593 +/- 0.0052,0.9592799137744308,0.005197878809280588
SAGEConv + Transformer + Gated (No Pretrain),1,Analysis,0.0000 +/- 0.0000,0.0000 +/- 0.0000,0.0000 +/- 0.0000,0.0,0.0
SAGEConv + Transformer + Gated (No Pretrain),2,Backdoor,0.0720 +/- 0.0528,0.0017 +/- 0.0014,0.0033 +/- 0.0027,0.003348266564738462,0.0027262311283468396
SAGEConv + Transformer + Gated (No Pretrain),3,DoS,0.3291 +/- 0.0007,0.6895 +/- 0.0136,0.4455 +/- 0.0030,0.44549536619932284,0.003025413601858289
SAGEConv + Transformer + Gated (No Pretrain),4,Exploits,0.7943 +/- 0.0108,0.5914 +/- 0.0151,0.6777 +/- 0.0060,0.6777221672274981,0.005998338257924957
SAGEConv + Transformer + Gated (No Pretrain),5,Fuzzers,0.5801 +/- 0.0200,0.7010 +/- 0.0066,0.6347 +/- 0.0129,0.6346773324678021,0.01287741379819133
SAGEConv + Transformer + Gated (No Pretrain),6,Generic,0.9991 +/- 0.0004,0.9617 +/- 0.0002,0.9800 +/- 0.0003,0.9800194578367839,0.00026960215822569933
SAGEConv + Transformer + Gated (No Pretrain),7,Reconnaissance,0.7181 +/- 0.0348,0.7943 +/- 0.0239,0.7542 +/- 0.0299,0.7542181113356178,0.029882457429268372
SAGEConv + Transformer + Gated (No Pretrain),8,Shellcode,0.2793 +/- 0.0150,0.5917 +/- 0.0441,0.3793 +/- 0.0220,0.37928314840598043,0.021982691720779445
SAGEConv + Transformer + Gated (No Pretrain),9,Worms,0.2185 +/- 0.1405,0.3182 +/- 0.2412,0.1743 +/- 0.0390,0.17433991779692096,0.03902642645957432
TGCF-IDS (Proposed),0,Normal,0.9903 +/- 0.0006,0.9522 +/- 0.0032,0.9709 +/- 0.0017,0.9708698170005858,0.0016906041856381145
TGCF-IDS (Proposed),1,Analysis,0.0000 +/- 0.0000,0.0000 +/- 0.0000,0.0000 +/- 0.0000,0.0,0.0
TGCF-IDS (Proposed),2,Backdoor,0.1426 +/- 0.0160,0.0051 +/- 0.0014,0.0099 +/- 0.0026,0.009905373148987566,0.0026230762562754343
TGCF-IDS (Proposed),3,DoS,0.3276 +/- 0.0011,0.6690 +/- 0.0048,0.4398 +/- 0.0017,0.4397909621217922,0.0016559747420946533
TGCF-IDS (Proposed),4,Exploits,0.7877 +/- 0.0032,0.5991 +/- 0.0068,0.6805 +/- 0.0035,0.6805345205757701,0.003457590845377677
TGCF-IDS (Proposed),5,Fuzzers,0.6285 +/- 0.0096,0.6984 +/- 0.0008,0.6616 +/- 0.0054,0.6615880250204268,0.005384479657060679
TGCF-IDS (Proposed),6,Generic,0.9973 +/- 0.0014,0.9598 +/- 0.0001,0.9782 +/- 0.0006,0.9781810971707277,0.0006372209924302717
TGCF-IDS (Proposed),7,Reconnaissance,0.7032 +/- 0.0090,0.7810 +/- 0.0169,0.7398 +/- 0.0026,0.7398491773172525,0.002592744353333744
TGCF-IDS (Proposed),8,Shellcode,0.2705 +/- 0.0056,0.5811 +/- 0.0184,0.3691 +/- 0.0089,0.36912173649344276,0.008919370561226646
TGCF-IDS (Proposed),9,Worms,0.2437 +/- 0.0525,0.1288 +/- 0.0214,0.1656 +/- 0.0198,0.16556697542613033,0.019751716304319322
